Applicant ID,Credit 
,Income (INR),Employment Status,Debt-to-Income Ratio,Credit Utilization (%),Existing Debts (INR),Payment History (Late Payments),Residential Stability (Years),Age,Bankruptcy (Yes/No),Total Credit Limit (INR)
AP0001,527,1560285,Self-employed,0.65,89,1916923,2,11,45,Yes,270271
AP0002,544,2995855,Self-employed,0.46,57,506233,8,17,52,Yes,379953
AP0003,517,299591,Unemployed,0.82,71,1423900,2,10,63,No,56550
AP0004,390,1599011,Unemployed,0.44,47,904634,10,3,21,Yes,71147
AP0005,505,1224308,Self-employed,0.52,27,1691060,4,3,65,Yes,334571
AP0006,784,1709598,Self-employed,0.44,1,1150282,10,10,28,Yes,172691
AP0007,389,1332947,Self-employed,0.79,55,1452603,0,3,61,No,432724
AP0008,332,1919560,Unemployed,0.4,37,657389,4,19,49,No,284992
AP0009,636,2151520,Unemployed,0.08,19,1913215,3,12,40,Yes,61641
AP0010,457,997330,Employed,0.99,20,813549,7,16,64,Yes,271568
AP0011,559,479023,Unemployed,0.73,72,140429,7,11,24,No,463350
AP0012,316,1308583,Employed,0.89,76,1592144,5,5,60,No,380429
AP0013,748,1585261,Self-employed,0.45,14,473741,0,5,20,No,281950
AP0014,415,2659398,Employed,0.38,91,969402,2,6,20,Yes,268389
AP0015,841,1367230,Employed,0.75,11,451945,3,2,27,Yes,476853
AP0016,377,2685249,Employed,0.25,30,194345,9,11,25,No,272914
AP0017,591,2338795,Employed,0.92,59,528355,1,13,27,Yes,289354
AP0018,667,1970320,Unemployed,0.47,67,1642737,9,20,20,Yes,384776
AP0019,669,2342896,Employed,0.56,68,184898,5,6,21,No,124032
AP0020,724,525915,Self-employed,0.01,54,783809,3,20,41,Yes,306761
AP0021,540,263144,Employed,0.51,17,998471,10,19,55,No,373097
AP0022,692,742526,Self-employed,0.88,97,1495163,1,12,39,No,125280
AP0023,339,2752051,Employed,0.71,28,881364,10,10,63,Yes,82886
AP0024,546,1886115,Employed,0.08,85,763413,1,8,22,No,163602
AP0025,644,2481738,Unemployed,0.72,47,763323,0,5,62,Yes,421326
AP0026,739,828929,Employed,0.89,93,147316,10,6,63,Yes,89357
AP0027,603,1570631,Employed,0.41,70,932385,3,19,25,Yes,98407
AP0028,370,1646505,Self-employed,0.37,78,333310,10,4,39,Yes,223442
AP0029,616,2887238,Employed,0.11,8,1897309,9,18,45,No,457598
AP0030,702,1282761,Unemployed,0.5,91,822617,1,17,22,No,233434
AP0031,474,2643106,Employed,0.03,86,1554843,5,8,60,No,96883
AP0032,431,1327481,Employed,0.13,57,1214531,1,7,47,No,177523
AP0033,308,988995,Unemployed,0.12,74,91873,1,8,20,No,457673
AP0034,735,2724862,Employed,0.61,48,713114,9,20,49,No,415066
AP0035,479,2622617,Unemployed,0.26,60,333671,10,18,32,No,124188
AP0036,776,2678444,Self-employed,0.08,24,1893446,1,3,24,Yes,206840
AP0037,569,2906983,Unemployed,0.67,85,32946,6,14,42,No,272932
AP0038,734,1853119,Employed,0.37,1,177221,7,6,42,Yes,477540
AP0039,412,1737324,Employed,0.3,85,923742,3,18,47,No,318743
AP0040,536,2896183,Self-employed,0.69,73,1930928,4,17,62,No,71521
AP0041,335,2583181,Employed,0.34,93,1924821,7,17,57,No,482688
AP0042,376,1573940,Self-employed,0.13,43,995378,2,20,23,No,274456
AP0043,740,1693870,Unemployed,0.09,81,1164954,9,10,28,No,474992
AP0044,424,2594426,Self-employed,0.84,44,341366,0,19,46,No,56087
AP0045,775,1040545,Employed,0.56,81,670105,6,4,50,No,337994
AP0046,495,1673314,Self-employed,0.4,83,868281,3,20,28,No,131516
AP0047,336,1347969,Self-employed,0.96,24,1892844,2,11,23,No,437694
AP0048,646,1135865,Self-employed,0.65,18,1248819,1,13,51,Yes,149986
AP0049,335,1331803,Self-employed,0.67,67,1241588,8,18,25,No,439202
AP0050,506,2059464,Self-employed,0.38,23,950806,4,10,37,Yes,212637
AP0051,695,1733595,Self-employed,0.17,34,1585742,4,1,55,No,158961
AP0052,432,1704993,Unemployed,0.59,34,711950,8,8,47,No,214474
AP0053,587,2780701,Unemployed,1.0,10,1104906,2,5,57,No,189338
AP0054,568,2147486,Self-employed,0.43,5,1844624,7,13,48,No,99687
AP0055,707,2162958,Unemployed,0.67,18,409511,0,18,53,Yes,459141
AP0056,471,2816006,Self-employed,0.68,70,1875464,0,1,45,Yes,241077
AP0057,623,2440878,Self-employed,0.68,41,1037051,10,14,56,Yes,393968
AP0058,530,2032139,Unemployed,0.68,68,1510167,9,20,47,No,281794
AP0059,331,2781554,Self-employed,0.75,53,896031,0,12,40,No,312015
AP0060,723,2453807,Self-employed,0.45,13,1401380,5,2,24,No,493800
AP0061,732,2453016,Unemployed,0.32,95,699057,1,3,59,No,226156
AP0062,470,626264,Unemployed,0.47,75,195599,4,16,42,Yes,118951
AP0063,413,1728867,Self-employed,0.2,28,1266850,3,16,24,No,420573
AP0064,487,1246937,Unemployed,0.2,77,893137,9,10,44,Yes,263666
AP0065,305,481924,Employed,0.48,42,673087,8,2,45,Yes,468816
AP0066,321,1207113,Self-employed,0.24,80,811248,10,5,57,No,462716
AP0067,462,2740248,Unemployed,0.46,9,229170,1,9,19,Yes,112751
AP0068,520,2362548,Self-employed,0.76,38,1669683,3,16,28,Yes,492698
AP0069,801,2119800,Employed,0.95,0,1174513,4,19,21,No,225759
AP0070,435,2799140,Self-employed,0.31,55,356065,2,14,40,Yes,396321
AP0071,652,2965581,Employed,0.82,8,1583168,9,20,30,No,494505
AP0072,387,1790763,Unemployed,0.93,28,1663104,3,10,65,No,489671
AP0073,602,949621,Self-employed,0.68,83,1977566,3,18,28,Yes,352325
AP0074,615,2368678,Unemployed,0.98,18,1666392,10,13,54,No,262130
AP0075,551,1122571,Employed,0.49,35,1715473,4,3,54,No,134545
AP0076,482,1692628,Unemployed,0.95,75,896316,3,2,27,No,413831
AP0077,410,2715070,Self-employed,0.45,41,908657,6,17,36,No,361453
AP0078,761,350770,Self-employed,0.98,50,532918,10,7,46,No,93574
AP0079,755,1888910,Self-employed,0.63,21,1589240,8,12,50,No,110943
AP0080,460,2714957,Unemployed,0.61,36,1922943,4,8,64,Yes,185769
AP0081,474,754948,Unemployed,0.47,8,745122,2,4,42,Yes,82366
AP0082,559,1452358,Employed,0.05,35,341719,10,7,37,Yes,471561
AP0083,650,1029568,Unemployed,0.2,71,69780,0,2,44,Yes,146863
AP0084,553,431248,Employed,0.58,21,1245515,5,14,37,Yes,316015
AP0085,330,1667803,Self-employed,0.08,26,166143,3,20,21,No,251001
AP0086,476,1244574,Unemployed,0.85,83,1811212,6,2,42,Yes,97908
AP0087,497,794851,Employed,0.87,65,1446231,0,4,26,No,490226
AP0088,599,1618994,Self-employed,0.83,34,1741592,0,2,32,No,134136
AP0089,729,1625994,Self-employed,0.05,74,1323588,10,11,60,No,311164
AP0090,615,2152354,Self-employed,0.78,73,1048186,1,15,56,Yes,160697
AP0091,339,2506175,Self-employed,0.68,49,434632,8,18,46,No,327194
AP0092,778,1818061,Employed,0.81,76,1496034,1,19,50,Yes,297310
AP0093,596,372958,Self-employed,0.38,47,594498,7,5,52,Yes,306923
AP0094,582,2366482,Employed,0.32,55,1645267,4,9,27,Yes,412451
AP0095,833,1237580,Self-employed,0.63,87,258429,1,6,45,No,426689
AP0096,361,291258,Unemployed,0.41,90,1707655,4,12,43,Yes,312120
AP0097,767,2732974,Unemployed,0.13,35,641587,10,1,21,No,468058
AP0098,613,252296,Unemployed,0.43,33,1143077,7,8,53,Yes,83229
AP0099,706,1575654,Unemployed,0.3,9,1727675,10,11,64,No,133740
AP0100,428,1861110,Self-employed,0.67,70,1428815,1,5,18,Yes,120230
AP0101,528,803875,Self-employed,0.43,47,1717175,7,2,23,Yes,60411
AP0102,656,1333345,Unemployed,0.7,16,1721472,6,2,65,Yes,411748
AP0103,511,2537883,Unemployed,0.65,49,722909,1,15,50,No,408058
AP0104,590,2143209,Unemployed,0.84,97,1892897,7,4,45,No,372985
AP0105,489,893144,Unemployed,0.01,12,657784,2,4,58,No,460205
AP0106,534,2728301,Unemployed,0.07,89,441954,3,15,44,Yes,400268
AP0107,303,353558,Self-employed,0.39,4,788749,4,6,55,Yes,221532
AP0108,609,545052,Unemployed,0.98,95,1141762,3,20,33,No,68431
AP0109,691,2893372,Unemployed,0.64,26,596266,6,14,53,No,105391
AP0110,352,1561000,Unemployed,0.91,100,1334903,10,5,60,Yes,310693
AP0111,412,518922,Employed,0.33,16,698630,6,19,37,Yes,350287
AP0112,847,555268,Unemployed,0.94,66,1684043,5,16,49,No,122723
AP0113,348,1976752,Self-employed,0.84,91,1554433,10,7,56,No,455073
AP0114,780,1322428,Employed,0.59,14,1717583,7,8,26,No,139641
AP0115,615,759286,Employed,0.59,23,1642584,2,17,20,Yes,72475
AP0116,414,510436,Unemployed,0.06,79,1136026,0,7,55,Yes,450957
AP0117,519,330854,Employed,0.93,74,76952,5,2,54,Yes,295690
AP0118,318,2109838,Self-employed,0.08,83,971805,5,9,33,Yes,355013
AP0119,564,1689274,Self-employed,0.9,72,1089431,7,13,29,Yes,343054
AP0120,376,900089,Unemployed,0.4,60,498759,8,9,20,Yes,410576
AP0121,606,1622065,Unemployed,0.08,87,1660061,10,6,35,Yes,320212
AP0122,391,2190329,Employed,0.74,4,527307,2,13,54,No,240022
AP0123,809,2167028,Unemployed,0.44,69,1453736,2,19,33,No,456899
AP0124,717,1404406,Employed,0.62,1,810181,8,15,61,No,499965
AP0125,618,1600252,Employed,0.57,63,601146,6,2,41,No,127473
AP0126,330,2852878,Self-employed,0.66,47,576834,9,8,64,Yes,214556
AP0127,794,1472931,Employed,0.41,78,203248,2,15,36,No,67687
AP0128,627,1705164,Self-employed,0.02,90,1232842,8,15,48,No,72001
AP0129,807,382852,Employed,0.35,55,1930157,5,1,51,No,459515
AP0130,620,990613,Employed,0.85,60,940998,7,6,46,No,304135
AP0131,679,2364671,Unemployed,0.7,33,68535,2,10,60,No,208035
AP0132,453,521785,Employed,0.68,79,1746035,0,12,35,Yes,204840
AP0133,738,1915578,Employed,0.73,37,347759,5,11,61,No,64767
AP0134,427,1436999,Employed,0.37,23,1903925,4,11,27,Yes,168299
AP0135,341,2731075,Self-employed,0.12,4,1931138,9,17,18,Yes,129333
AP0136,681,780642,Unemployed,0.48,58,1278106,5,13,52,No,422871
AP0137,782,2011145,Unemployed,0.08,8,1433427,7,12,32,No,91940
AP0138,832,1863498,Employed,0.89,56,1964102,10,8,38,Yes,376228
AP0139,425,1700411,Unemployed,0.96,12,1782359,2,17,47,Yes,389361
AP0140,342,2826173,Unemployed,0.57,1,334180,4,8,19,No,219250
AP0141,706,1410745,Employed,0.9,28,1251838,6,16,41,No,152248
AP0142,497,2294461,Unemployed,0.64,57,1227178,9,13,26,No,190860
AP0143,726,2885132,Employed,0.67,100,1342541,6,8,55,No,173276
AP0144,324,354432,Unemployed,0.39,5,1859174,10,18,33,No,72620
AP0145,399,2653440,Unemployed,0.84,71,1615243,6,8,48,Yes,451682
AP0146,336,1238839,Unemployed,0.69,82,1240581,7,1,60,Yes,175344
AP0147,831,1715232,Self-employed,0.85,92,30575,3,17,40,Yes,222243
AP0148,753,2206831,Unemployed,0.4,18,1896225,7,2,64,Yes,188207
AP0149,779,2352051,Self-employed,0.02,18,1301398,10,3,31,Yes,492377
AP0150,445,1457069,Self-employed,0.96,69,1019131,6,4,61,Yes,137839
AP0151,538,392452,Self-employed,0.16,93,1208630,1,7,27,Yes,238734
AP0152,362,2789213,Unemployed,0.1,76,1155437,1,14,30,No,464488
AP0153,363,1840682,Unemployed,0.1,80,1959731,1,2,59,No,441473
AP0154,734,2315546,Self-employed,0.86,8,386372,1,6,65,Yes,464129
AP0155,361,309763,Employed,0.11,50,1254227,2,4,26,No,449365
AP0156,521,2464264,Unemployed,0.39,69,292168,7,12,42,No,372769
AP0157,714,441987,Employed,0.49,94,1788148,3,13,57,No,279442
AP0158,491,2568293,Employed,0.33,38,1974679,6,4,38,Yes,291681
AP0159,732,1226725,Employed,0.66,39,961465,1,3,28,No,85665
AP0160,661,651336,Self-employed,0.91,52,1387217,8,4,25,No,212527
AP0161,703,937394,Employed,0.94,3,1976465,4,12,21,No,111227
AP0162,790,677443,Unemployed,0.73,43,790649,4,6,34,No,91639
AP0163,329,1185683,Self-employed,0.76,21,1071476,6,1,65,No,403555
AP0164,651,1907945,Self-employed,0.92,2,1590528,9,2,29,No,91181
AP0165,506,558633,Self-employed,0.6,76,1494016,5,4,52,No,441717
AP0166,754,1159908,Employed,0.83,79,463670,1,17,36,No,207330
AP0167,395,1576146,Employed,0.03,70,416045,9,9,31,No,375894
AP0168,537,791339,Self-employed,0.05,81,1811573,7,8,28,No,322431
AP0169,312,1182033,Self-employed,0.56,19,1765590,1,5,27,No,415812
AP0170,353,915334,Employed,0.22,32,981889,10,13,32,Yes,300607
AP0171,684,2943877,Unemployed,0.48,30,974747,2,18,58,No,304013
AP0172,794,2615660,Employed,0.69,83,932588,7,18,56,No,126453
AP0173,653,1774081,Unemployed,0.36,0,1281125,10,17,24,No,456882
AP0174,323,2027695,Unemployed,0.14,88,1653030,6,7,54,No,441444
AP0175,688,373117,Self-employed,0.88,58,20307,0,18,33,No,163224
AP0176,551,1993916,Unemployed,0.89,16,507529,6,6,41,No,176188
AP0177,696,2863795,Self-employed,0.44,19,723593,5,7,50,Yes,369360
AP0178,821,2231285,Self-employed,0.45,89,336514,5,1,19,No,403569
AP0179,827,329757,Employed,0.93,7,384763,8,1,22,No,197568
AP0180,391,697159,Unemployed,0.71,60,827878,1,10,54,No,98590
AP0181,477,568070,Employed,0.85,77,678954,8,17,59,Yes,139155
AP0182,512,479853,Unemployed,0.55,90,351661,4,12,63,Yes,219154
AP0183,345,511706,Self-employed,0.12,8,1486777,0,12,32,Yes,123352
AP0184,503,867128,Self-employed,0.06,18,1725318,2,20,45,No,314346
AP0185,672,674948,Unemployed,0.67,35,1173911,5,16,24,Yes,488707
AP0186,770,734585,Unemployed,0.09,38,393056,7,11,48,No,281687
AP0187,509,925013,Employed,0.31,75,1403904,6,6,29,No,261705
AP0188,808,2354572,Self-employed,0.06,41,637324,8,8,60,Yes,109332
AP0189,714,546666,Self-employed,0.29,88,1680467,0,3,65,No,54171
AP0190,388,2710385,Unemployed,0.45,69,1009400,0,10,38,No,234183
AP0191,671,2348534,Employed,0.03,18,824972,2,11,35,No,426703
AP0192,745,459881,Unemployed,0.61,37,493615,8,7,56,No,344200
AP0193,402,1855523,Self-employed,0.83,44,958331,2,8,24,Yes,376648
AP0194,460,339008,Employed,0.37,30,1793694,10,11,31,Yes,223396
AP0195,351,2088712,Unemployed,0.17,53,1681544,4,8,56,No,68587
AP0196,704,2620799,Unemployed,0.37,32,1932939,5,19,43,No,460514
AP0197,755,2451807,Self-employed,0.73,51,1579520,9,9,40,No,294845
AP0198,786,1604785,Self-employed,0.34,80,1209859,0,18,32,Yes,208735
AP0199,449,1514967,Employed,0.71,28,1868920,7,4,20,Yes,483895
AP0200,397,966028,Unemployed,0.21,63,662410,0,12,65,Yes,125833
AP0201,819,2794844,Employed,0.65,76,1250074,5,6,46,Yes,99814
AP0202,477,2189470,Unemployed,0.84,47,677974,10,13,54,Yes,424614
AP0203,780,2263147,Self-employed,0.99,38,467459,4,18,56,No,343224
AP0204,614,2398778,Self-employed,0.63,65,1855428,4,11,45,No,283107
AP0205,614,2226033,Unemployed,0.44,66,312994,1,18,38,Yes,315094
AP0206,441,2158324,Self-employed,0.84,39,71493,6,13,39,Yes,253787
AP0207,823,1935121,Self-employed,0.23,77,1330233,2,12,34,Yes,284401
AP0208,456,840098,Self-employed,0.66,10,1992863,9,17,60,No,355313
AP0209,656,491514,Self-employed,0.31,53,410028,1,16,29,No,57505
AP0210,330,974918,Employed,0.53,3,806015,5,7,59,No,93062
AP0211,651,1747087,Self-employed,0.01,94,331859,1,7,42,No,334283
AP0212,627,285270,Employed,0.44,13,1542040,5,19,30,No,244428
AP0213,764,2305909,Employed,0.27,75,495892,8,10,30,No,416175
AP0214,601,1472503,Unemployed,0.91,86,492983,2,10,33,Yes,388932
AP0215,783,978442,Employed,0.08,25,1359484,1,10,44,No,109842
AP0216,561,2176251,Self-employed,0.51,53,866638,6,13,38,No,454299
AP0217,608,2930123,Unemployed,0.4,96,1671411,7,15,63,Yes,414815
AP0218,583,253578,Employed,0.95,43,1422668,7,18,28,No,54493
AP0219,842,2594533,Employed,0.17,61,39801,8,3,28,Yes,381836
AP0220,427,2978045,Self-employed,0.47,69,1439677,3,5,63,No,287260
AP0221,445,1831699,Unemployed,0.25,11,1469158,2,5,44,Yes,317880
AP0222,837,913277,Self-employed,0.73,37,1868719,5,2,47,No,278571
AP0223,759,2932488,Self-employed,0.76,68,288435,5,18,53,Yes,204428
AP0224,421,320559,Self-employed,0.18,37,870545,0,19,48,Yes,217832
AP0225,646,228313,Unemployed,0.69,7,295139,2,17,52,No,462998
AP0226,470,1494823,Employed,0.12,32,460613,10,13,40,Yes,119748
AP0227,376,1854874,Self-employed,0.98,26,199876,8,9,25,Yes,413809
AP0228,482,2857606,Unemployed,0.16,43,843603,6,13,63,Yes,209298
AP0229,814,2469885,Employed,0.41,78,199892,2,19,40,Yes,208199
AP0230,383,562534,Self-employed,0.18,45,198865,2,5,50,Yes,389576
AP0231,518,559451,Self-employed,0.64,67,1463312,0,7,23,Yes,367028
AP0232,836,2366188,Employed,0.1,62,266652,3,14,60,No,324802
AP0233,304,1295895,Self-employed,0.04,72,929170,6,16,28,Yes,488971
AP0234,724,244898,Self-employed,0.28,97,1468673,0,3,21,No,129402
AP0235,320,2108770,Employed,0.96,1,1171248,10,5,42,No,389131
AP0236,462,1374299,Self-employed,0.99,41,517374,0,11,39,No,140880
AP0237,530,2426663,Self-employed,1.0,42,1012587,9,17,60,Yes,283982
AP0238,608,1200267,Unemployed,0.59,83,1731826,6,16,31,Yes,366145
AP0239,656,312361,Unemployed,0.19,73,1839764,0,19,30,Yes,52499
AP0240,677,1205259,Employed,0.14,87,1454143,4,14,40,Yes,262846
AP0241,833,2839316,Self-employed,0.12,12,69389,4,2,62,No,120097
AP0242,375,2200594,Self-employed,0.97,81,671413,2,11,59,Yes,469908
AP0243,578,2273002,Employed,0.8,5,1363909,7,3,59,No,382547
AP0244,604,811210,Self-employed,1.0,79,999183,2,12,58,No,498089
AP0245,819,1063308,Self-employed,0.73,60,105879,1,1,52,No,253006
AP0246,370,1212881,Employed,0.84,31,1095940,6,1,38,No,309908
AP0247,552,514508,Self-employed,0.45,40,1237056,5,3,65,Yes,84377
AP0248,666,1746279,Unemployed,0.01,67,950357,10,18,22,No,388914
AP0249,355,900318,Self-employed,0.31,57,511243,2,7,35,Yes,414951
AP0250,714,1896644,Self-employed,0.7,48,1518749,3,8,44,No,150039
AP0251,467,1481295,Employed,0.61,99,1085767,5,10,36,No,145334
AP0252,365,1097216,Self-employed,0.1,73,1387163,2,11,26,No,342987
AP0253,667,1631182,Self-employed,0.63,5,718889,7,14,26,Yes,366318
AP0254,571,2404284,Self-employed,0.48,79,438010,4,9,38,Yes,195019
AP0255,833,2144664,Employed,0.8,9,601890,6,11,35,Yes,375913
AP0256,708,2749362,Self-employed,0.13,28,1725465,1,18,52,No,464772
AP0257,767,608978,Unemployed,0.84,31,1644901,4,19,32,Yes,450833
AP0258,830,823327,Self-employed,0.34,46,593745,1,9,35,Yes,101863
AP0259,639,2345073,Self-employed,0.77,42,1669717,7,9,32,No,499478
AP0260,703,2453661,Unemployed,0.96,54,805056,4,6,39,No,499538
AP0261,657,1766650,Unemployed,0.01,49,1304438,3,1,40,Yes,375204
AP0262,777,1960181,Unemployed,0.69,43,1476345,1,2,49,Yes,309289
AP0263,773,1197830,Employed,0.75,3,929796,9,5,19,Yes,169826
AP0264,439,1014409,Self-employed,0.93,4,1347278,8,9,59,Yes,484784
AP0265,587,1448512,Unemployed,0.79,41,1568850,2,3,26,No,478626
AP0266,631,2785254,Employed,0.54,17,1089404,3,14,23,Yes,198688
AP0267,413,2075436,Employed,0.0,1,64217,10,1,53,No,100929
AP0268,367,1283341,Self-employed,0.95,12,1909366,0,11,58,Yes,386610
AP0269,798,1849848,Unemployed,0.91,5,1207960,5,19,43,Yes,67257
AP0270,509,1652289,Self-employed,0.4,42,1002758,2,6,38,No,417113
AP0271,369,324677,Employed,0.58,41,698769,4,7,44,Yes,294654
AP0272,753,388127,Employed,0.51,69,267011,6,10,45,Yes,489759
AP0273,423,2958347,Self-employed,0.64,33,511117,1,9,52,Yes,103448
AP0274,789,2933728,Unemployed,0.13,60,1186488,2,2,41,Yes,316448
AP0275,305,2314262,Employed,0.67,10,599150,4,17,24,No,255669
AP0276,594,1665911,Unemployed,0.51,4,906867,5,7,39,Yes,316669
AP0277,495,2484319,Unemployed,0.73,58,1864624,6,12,38,No,341752
AP0278,563,1786686,Unemployed,0.78,11,1755792,8,18,43,Yes,455794
AP0279,801,2831136,Unemployed,0.1,2,1097102,9,8,40,Yes,94226
AP0280,747,1166842,Employed,0.06,67,250975,4,6,31,No,123336
AP0281,682,1348781,Unemployed,0.04,71,1785703,5,12,63,Yes,367232
AP0282,656,397919,Unemployed,0.73,42,1524386,9,16,29,Yes,494964
AP0283,515,1284759,Unemployed,0.95,18,1126275,7,17,65,Yes,146512
AP0284,575,2207583,Employed,0.14,36,349775,0,16,31,Yes,112130
AP0285,703,2130252,Self-employed,0.29,69,429504,2,7,55,Yes,196388
AP0286,667,2895469,Employed,0.45,92,685921,2,12,38,No,66944
AP0287,431,1488905,Employed,0.3,52,814076,7,3,64,Yes,152445
AP0288,827,2663483,Self-employed,0.49,26,816116,6,4,27,Yes,293039
AP0289,483,1746875,Unemployed,0.4,23,1248941,4,7,35,Yes,57855
AP0290,646,1746283,Unemployed,0.67,68,971873,0,3,52,Yes,319835
AP0291,327,397404,Unemployed,0.13,90,503618,10,7,36,No,378256
AP0292,571,2055149,Unemployed,0.55,77,1275938,7,15,63,No,263200
AP0293,652,323988,Employed,0.07,20,138128,4,15,36,No,233639
AP0294,826,1823622,Unemployed,0.52,24,1768184,10,18,27,No,464609
AP0295,832,1267694,Unemployed,0.93,69,1531567,1,20,61,Yes,251898
AP0296,745,2836132,Employed,0.54,14,1914291,9,11,48,Yes,235362
AP0297,572,1232328,Unemployed,0.54,2,1575514,1,11,56,No,204634
AP0298,651,1658946,Employed,0.97,69,931728,8,15,50,No,431521
AP0299,633,1365789,Employed,0.68,32,1659530,1,4,20,No,193390
AP0300,789,412322,Employed,0.61,3,740817,5,13,34,No,451750
AP0301,316,1749552,Employed,0.11,92,1161432,8,14,34,Yes,389591
AP0302,358,1747277,Unemployed,0.65,3,1665631,0,7,20,Yes,177081
AP0303,300,427571,Employed,0.13,17,61304,5,5,33,No,203041
AP0304,482,943082,Self-employed,0.11,86,320440,5,4,21,No,342488
AP0305,783,988311,Unemployed,0.6,84,333733,9,1,32,No,415588
AP0306,586,766269,Self-employed,0.09,11,693494,5,3,48,No,300047
AP0307,438,1529961,Self-employed,0.58,34,1864598,9,12,57,Yes,133902
AP0308,824,2088916,Unemployed,0.29,90,1216544,0,5,33,No,449461
AP0309,534,2671421,Employed,0.34,82,900461,8,3,61,No,425016
AP0310,767,274948,Unemployed,0.89,20,260505,0,8,39,No,391661
AP0311,473,2796609,Self-employed,0.91,9,1281690,9,8,41,No,288061
AP0312,794,1412723,Unemployed,0.93,36,167437,1,2,22,Yes,372748
AP0313,803,309661,Self-employed,0.55,29,1532380,0,16,49,Yes,419928
AP0314,401,297793,Unemployed,0.48,80,1210687,9,2,53,Yes,144347
AP0315,580,351983,Self-employed,0.48,59,1635619,10,11,53,Yes,414322
AP0316,828,2449924,Unemployed,0.74,34,1430647,4,1,65,Yes,159546
AP0317,830,1615675,Employed,0.93,46,689190,5,13,29,No,50213
AP0318,720,2253162,Self-employed,0.13,51,149068,9,6,64,No,103597
AP0319,707,551115,Employed,0.83,81,344700,8,18,58,No,140292
AP0320,639,772161,Self-employed,0.78,3,528546,2,19,58,Yes,435840
AP0321,458,218321,Self-employed,0.75,2,1455054,3,20,30,Yes,95753
AP0322,579,1252512,Unemployed,0.7,59,1675302,5,17,20,Yes,223409
AP0323,356,568171,Employed,0.52,13,1020021,0,14,34,Yes,336698
AP0324,338,981983,Employed,0.15,89,857099,9,13,63,Yes,223896
AP0325,795,1873535,Unemployed,0.15,19,1945353,1,14,51,Yes,399009
AP0326,757,2149640,Employed,0.32,24,204377,5,10,47,Yes,265564
AP0327,582,1665215,Self-employed,0.25,33,837098,8,17,34,No,86239
AP0328,785,1141633,Employed,0.37,93,302198,10,1,53,No,262655
AP0329,301,1077165,Self-employed,0.8,55,1202308,6,3,32,Yes,248413
AP0330,798,2553602,Employed,0.71,71,1292954,6,8,62,Yes,331779
AP0331,510,2363835,Self-employed,0.68,10,971017,2,6,44,Yes,309911
AP0332,318,1619150,Self-employed,0.75,55,736585,6,5,36,No,55717
AP0333,709,595888,Unemployed,0.35,15,781271,0,4,19,No,154880
AP0334,324,597749,Employed,0.61,41,1938250,8,10,50,Yes,284827
AP0335,809,2174130,Employed,0.8,38,190861,7,13,34,Yes,388600
AP0336,539,2170281,Unemployed,0.8,89,795479,1,14,61,Yes,160494
AP0337,333,2716804,Unemployed,0.33,15,1307294,6,12,36,Yes,141975
AP0338,383,272088,Unemployed,0.46,93,1002348,1,4,19,Yes,333544
AP0339,362,2168176,Unemployed,0.92,88,497467,3,2,60,Yes,53807
AP0340,672,947117,Employed,0.33,13,434231,3,9,32,No,142931
AP0341,540,1201772,Unemployed,0.02,17,680198,0,6,55,Yes,365342
AP0342,774,2282592,Unemployed,0.81,63,1785072,3,13,21,Yes,490638
AP0343,425,2466723,Self-employed,0.34,95,971511,5,7,56,No,452892
AP0344,674,2868422,Employed,0.74,93,1016071,3,7,63,No,302578
AP0345,468,1374335,Self-employed,0.37,52,1426611,7,20,36,No,108229
AP0346,406,556921,Self-employed,0.06,100,265163,3,13,61,No,470543
AP0347,300,1215793,Self-employed,0.52,41,582897,1,17,52,No,186276
AP0348,335,2639007,Employed,0.47,8,372714,1,17,45,No,217299
AP0349,524,694624,Unemployed,0.34,98,405801,10,8,26,Yes,123783
AP0350,831,2594398,Unemployed,0.79,42,1127781,3,8,48,No,453503
AP0351,429,2886832,Self-employed,0.31,53,1071583,10,19,59,Yes,431514
AP0352,741,1666489,Employed,0.38,86,1523373,8,5,21,No,250666
AP0353,316,329388,Unemployed,0.45,32,1186861,0,18,63,No,406570
AP0354,554,1215470,Unemployed,0.24,84,1718287,5,17,54,Yes,246624
AP0355,746,233143,Self-employed,0.32,8,1874391,0,14,65,No,389662
AP0356,577,783873,Employed,0.48,69,1366489,2,13,60,No,473934
AP0357,803,1559816,Employed,0.86,48,1416037,5,7,52,No,206571
AP0358,387,2424162,Unemployed,0.86,57,322723,10,12,63,Yes,486223
AP0359,316,2879626,Self-employed,0.28,13,1810797,2,11,59,No,272359
AP0360,303,2127778,Unemployed,0.49,95,673178,4,7,56,Yes,96688
AP0361,613,634759,Employed,0.83,66,385692,8,16,26,Yes,134507
AP0362,790,1853423,Unemployed,0.06,53,416208,7,5,62,Yes,466366
AP0363,301,853176,Self-employed,0.93,36,1226113,0,13,38,No,428335
AP0364,844,2455331,Unemployed,0.0,70,1299888,4,17,27,No,71707
AP0365,454,1184318,Unemployed,0.47,54,1213621,4,10,29,No,235867
AP0366,421,2690325,Unemployed,0.98,45,592861,6,11,44,Yes,470914
AP0367,507,2047162,Self-employed,0.62,70,1635361,10,13,55,No,217343
AP0368,322,2208096,Unemployed,0.8,20,546497,6,14,25,No,420709
AP0369,554,2098002,Employed,0.97,83,979484,7,4,48,Yes,498260
AP0370,397,2645218,Self-employed,0.41,43,744669,3,7,35,Yes,330981
AP0371,327,2763208,Employed,0.53,58,152973,4,10,60,Yes,183319
AP0372,611,1594560,Unemployed,0.12,16,1858758,6,20,30,No,330976
AP0373,340,985139,Unemployed,0.28,31,581491,9,5,50,No,330716
AP0374,689,1609581,Employed,0.84,35,1818648,8,10,63,No,486966
AP0375,383,391847,Self-employed,0.24,79,573383,3,2,20,Yes,97055
AP0376,522,757886,Self-employed,0.32,0,1649119,4,14,61,No,127761
AP0377,305,1913843,Unemployed,0.2,12,40517,6,10,52,No,280432
AP0378,612,1081014,Self-employed,0.67,92,819246,2,5,56,No,357258
AP0379,638,1456312,Unemployed,0.3,18,1265260,10,16,51,No,322402
AP0380,596,446907,Self-employed,0.06,57,861991,8,8,24,Yes,247029
AP0381,569,1065093,Employed,0.79,75,1869167,1,10,63,No,112969
AP0382,395,2377541,Unemployed,0.64,10,241247,8,11,23,No,172611
AP0383,780,1607076,Unemployed,0.7,69,713286,8,2,36,Yes,67299
AP0384,567,2826261,Employed,0.36,58,554361,5,14,49,Yes,52754
AP0385,644,411296,Employed,0.97,94,688343,4,15,37,No,466368
AP0386,629,2172517,Self-employed,0.76,82,1346803,5,11,62,Yes,182480
AP0387,479,2189965,Self-employed,0.5,94,730293,5,12,64,Yes,350673
AP0388,690,934756,Employed,0.01,19,579296,6,20,22,Yes,211320
AP0389,785,2620798,Employed,0.95,56,683508,5,16,20,No,248088
AP0390,765,2553547,Self-employed,0.74,51,155867,9,9,61,Yes,58534
AP0391,419,1736736,Self-employed,0.61,2,905772,10,16,18,Yes,210380
AP0392,307,2291166,Self-employed,0.99,2,463926,7,16,48,No,422235
AP0393,738,652009,Unemployed,0.29,100,1081218,3,15,25,Yes,313342
AP0394,712,1135892,Self-employed,0.88,80,1216382,4,14,60,No,239857
AP0395,662,851979,Unemployed,0.62,59,1481784,10,18,31,No,221864
AP0396,469,338645,Employed,0.62,70,1330716,1,13,39,No,463482
AP0397,751,1994238,Employed,0.62,71,1762574,7,1,33,No,153159
AP0398,409,1958015,Employed,0.61,56,134066,3,18,20,No,303498
AP0399,812,1371312,Self-employed,0.5,87,1662411,9,18,56,Yes,414138
AP0400,790,1357824,Self-employed,0.2,33,603301,3,7,30,No,221558
AP0401,661,909011,Employed,0.7,20,1811995,5,6,40,Yes,307506
AP0402,610,537252,Self-employed,0.92,1,1698907,4,11,59,No,246347
AP0403,584,2421946,Self-employed,0.28,74,529836,1,2,33,Yes,463816
AP0404,650,2170549,Unemployed,0.31,50,482922,1,14,49,No,271537
AP0405,695,2732336,Employed,0.13,12,1441358,8,14,63,Yes,301008
AP0406,321,2746627,Employed,0.11,89,593439,3,4,54,Yes,352065
AP0407,481,1644972,Self-employed,0.42,43,1622752,9,4,43,No,394820
AP0408,321,2945375,Employed,0.89,37,1704018,7,7,19,No,196262
AP0409,610,1666747,Unemployed,0.96,73,1251003,10,6,52,No,275497
AP0410,819,1919007,Employed,0.92,31,336458,7,5,31,No,89674
AP0411,622,1940671,Employed,0.03,26,1825805,3,17,21,No,177867
AP0412,343,961562,Unemployed,0.01,67,656612,8,17,46,Yes,363131
AP0413,802,2217975,Self-employed,0.97,16,509316,6,15,52,No,424548
AP0414,671,2631738,Employed,0.03,83,785945,3,15,59,Yes,431311
AP0415,666,2814670,Employed,0.84,74,1403980,2,16,48,No,146863
AP0416,672,966496,Unemployed,0.51,57,179569,2,1,53,No,469235
AP0417,844,851660,Employed,0.88,39,1599689,9,17,29,Yes,372588
AP0418,776,1529285,Employed,0.42,87,880704,6,8,40,No,456908
AP0419,460,399762,Self-employed,0.75,52,966729,4,4,27,Yes,415144
AP0420,722,747657,Self-employed,0.09,16,663000,5,18,57,Yes,131221
AP0421,545,1807208,Self-employed,0.56,28,1120257,4,12,48,Yes,105863
AP0422,314,1631982,Self-employed,0.49,70,966579,0,14,25,Yes,347826
AP0423,669,648837,Employed,0.05,77,1445920,10,19,64,No,389028
AP0424,708,2550202,Unemployed,0.11,92,773118,4,19,24,No,391260
AP0425,436,1745134,Self-employed,0.54,84,97266,9,19,21,Yes,338012
AP0426,619,1126769,Self-employed,0.35,46,1649029,5,7,56,No,180225
AP0427,484,1150590,Self-employed,0.23,71,943685,4,3,63,No,419753
AP0428,661,359067,Self-employed,0.12,65,603599,6,14,33,No,394456
AP0429,334,2491847,Self-employed,0.47,92,1162369,10,1,58,No,189907
AP0430,368,1458388,Employed,0.78,38,680711,5,4,37,No,401341
AP0431,463,2514178,Unemployed,0.19,72,73584,5,14,23,Yes,340502
AP0432,558,1721763,Self-employed,0.93,49,801893,2,7,37,Yes,475789
AP0433,534,2315556,Self-employed,0.17,87,521547,8,19,32,Yes,238738
AP0434,300,1273967,Employed,0.92,42,442001,7,10,57,No,352813
AP0435,356,218556,Self-employed,0.77,87,1925576,4,1,26,No,216686
AP0436,743,2214501,Self-employed,0.68,22,779037,4,20,54,No,393970
AP0437,839,1609689,Self-employed,0.05,83,865804,9,6,59,Yes,288372
AP0438,322,2622784,Unemployed,0.98,30,337040,0,16,27,Yes,310927
AP0439,540,1031453,Unemployed,0.1,4,582241,7,5,22,No,443231
AP0440,575,1266901,Employed,0.92,57,1344293,5,11,29,No,91677
AP0441,495,1772979,Employed,0.04,70,1403135,10,1,29,No,321336
AP0442,798,1261862,Employed,0.66,52,1550475,0,12,65,Yes,341716
AP0443,705,1092114,Unemployed,0.62,58,208849,4,17,52,Yes,145482
AP0444,634,1183619,Self-employed,0.68,26,1127342,8,16,53,Yes,179699
AP0445,303,414888,Employed,0.58,78,67035,1,12,23,No,252956
AP0446,448,1648103,Self-employed,0.8,34,70289,8,5,24,No,280769
AP0447,492,1354454,Unemployed,0.94,90,633962,10,8,64,No,204337
AP0448,675,1192558,Employed,0.28,59,288144,8,3,45,Yes,348344
AP0449,825,1221619,Employed,0.22,79,1414753,4,8,58,No,489770
AP0450,673,2498519,Unemployed,0.62,88,881933,9,11,56,Yes,217881
AP0451,734,1615797,Employed,0.21,5,718236,2,1,39,No,232837
AP0452,526,2421879,Unemployed,0.26,21,922871,6,8,39,No,131192
AP0453,493,2968281,Self-employed,0.72,17,483841,9,14,54,No,472604
AP0454,333,2950286,Employed,0.54,89,1789901,5,4,65,Yes,323865
AP0455,389,2072731,Unemployed,0.26,52,374686,2,3,61,Yes,314802
AP0456,433,1918599,Employed,0.73,71,1970973,2,7,63,No,468482
AP0457,800,2622940,Employed,0.86,3,985084,7,9,56,Yes,123629
AP0458,440,1023914,Self-employed,0.92,10,778050,4,19,54,Yes,383652
AP0459,440,1799313,Employed,0.34,38,309040,1,19,36,Yes,286983
AP0460,465,1789626,Self-employed,0.13,19,539559,7,14,63,Yes,400555
AP0461,477,2472217,Unemployed,0.3,58,1648108,2,14,30,No,379796
AP0462,494,711001,Employed,0.75,86,872190,10,13,18,Yes,109379
AP0463,527,2143878,Unemployed,0.66,44,1884554,7,15,34,No,471786
AP0464,392,1164036,Employed,0.83,28,909479,10,7,61,No,245194
AP0465,426,2542748,Self-employed,0.96,41,1237131,5,13,60,No,122715
AP0466,447,943373,Unemployed,0.14,16,1284851,7,1,18,Yes,355438
AP0467,798,204976,Self-employed,0.03,8,1375238,0,19,30,Yes,424602
AP0468,583,2027568,Unemployed,0.46,32,856725,4,13,28,Yes,230971
AP0469,794,1336316,Self-employed,0.62,78,1800046,4,17,65,Yes,154371
AP0470,590,1486067,Unemployed,0.38,2,642024,7,14,63,No,213218
AP0471,516,924047,Employed,0.72,57,138283,9,9,31,No,441168
AP0472,499,698151,Self-employed,0.21,24,415477,9,4,63,No,275856
AP0473,381,2018567,Employed,0.49,89,1099553,10,14,22,Yes,327049
AP0474,769,669720,Unemployed,0.86,7,223111,3,18,35,No,325333
AP0475,563,2048994,Employed,0.14,20,1719535,5,1,22,No,190657
AP0476,310,540988,Unemployed,0.81,70,788881,2,4,55,No,451767
AP0477,718,1582769,Employed,0.73,3,555059,4,3,39,Yes,451347
AP0478,588,2959879,Self-employed,0.84,0,782148,6,7,40,No,334354
AP0479,642,676428,Self-employed,0.73,91,1382730,7,5,22,No,448049
AP0480,380,2900737,Unemployed,0.5,31,739846,0,2,39,Yes,82954
AP0481,399,2011595,Employed,0.27,21,287285,3,9,49,Yes,280702
AP0482,658,2153491,Employed,0.88,43,628021,10,1,44,No,464677
AP0483,541,2174463,Self-employed,0.77,81,1371745,1,14,42,Yes,299680
AP0484,843,2130361,Employed,0.2,73,1978017,0,10,33,Yes,392035
AP0485,319,2079281,Unemployed,0.78,12,1862984,8,7,46,Yes,284615
AP0486,745,1669259,Unemployed,0.79,92,642741,9,4,42,Yes,165953
AP0487,374,871811,Self-employed,0.07,87,1763949,3,2,32,No,268157
AP0488,422,2137909,Self-employed,0.27,16,1155917,7,8,57,No,407710
AP0489,725,1425515,Self-employed,0.03,58,161029,8,2,53,No,455375
AP0490,684,2524446,Unemployed,0.74,6,478022,1,5,57,No,187272
AP0491,430,421844,Self-employed,0.98,11,1691832,5,11,53,No,413095
AP0492,756,1781308,Employed,0.46,44,590291,7,10,35,No,98505
AP0493,443,1136504,Employed,0.62,35,1821511,10,17,19,No,230864
AP0494,523,723620,Unemployed,0.39,63,1670457,10,11,40,Yes,405719
AP0495,842,1005142,Employed,0.19,97,873847,9,14,48,Yes,161026
AP0496,388,2528632,Unemployed,0.28,83,1352800,9,1,37,Yes,173591
AP0497,609,2896743,Employed,0.18,26,438119,0,10,29,Yes,223193
AP0498,618,2493009,Unemployed,0.52,80,365013,9,4,62,No,317421
AP0499,428,2203459,Unemployed,0.88,24,172757,4,17,40,No,444029
AP0500,609,462025,Self-employed,0.03,94,972463,6,9,42,Yes,100837
AP0501,414,1053155,Unemployed,0.07,43,504095,9,11,60,No,176776
AP0502,820,2217280,Unemployed,0.5,40,296224,9,17,22,No,445830
AP0503,305,1266210,Employed,0.66,26,526349,4,3,20,No,344157
AP0504,301,1462419,Unemployed,0.82,38,1753807,0,11,52,Yes,448887
AP0505,353,1922962,Unemployed,0.12,94,1428498,10,18,43,No,255670
AP0506,592,2060782,Employed,0.7,0,1103854,5,2,32,Yes,182497
AP0507,438,642221,Employed,0.44,16,628345,10,17,36,No,495803
AP0508,722,990952,Unemployed,0.27,32,198155,7,9,50,Yes,372404
AP0509,670,1180045,Unemployed,0.01,70,1128795,5,5,38,No,236405
AP0510,699,729011,Unemployed,0.09,33,1351308,1,18,62,No,168972
AP0511,310,2799659,Employed,0.95,8,1183796,5,3,26,No,56481
AP0512,440,1958209,Employed,0.25,54,624577,2,3,35,No,151752
AP0513,349,1889426,Self-employed,0.07,62,783769,9,14,39,Yes,242286
AP0514,651,990513,Unemployed,0.86,95,49018,4,10,29,Yes,172697
AP0515,401,1543689,Self-employed,0.02,78,1372081,4,11,36,Yes,396587
AP0516,345,499484,Employed,0.03,23,432626,4,4,49,Yes,425678
AP0517,621,2525816,Unemployed,0.86,24,1982291,6,9,50,Yes,233637
AP0518,618,2966576,Employed,0.24,62,232923,2,9,37,No,168174
AP0519,698,1427529,Self-employed,0.9,91,1028377,9,17,58,Yes,89528
AP0520,598,2771632,Self-employed,0.31,16,1710977,2,20,64,Yes,61877
AP0521,759,268337,Unemployed,0.38,2,407560,4,13,46,No,101519
AP0522,492,1985743,Unemployed,0.0,98,1323266,2,3,29,Yes,262375
AP0523,478,372514,Self-employed,0.97,8,1193241,3,14,55,No,346684
AP0524,411,403525,Self-employed,0.03,13,246225,9,19,35,No,415467
AP0525,737,2200806,Self-employed,0.72,45,1487383,9,1,50,Yes,207178
AP0526,458,2431054,Unemployed,0.56,10,669753,8,3,29,No,464775
AP0527,698,1924074,Unemployed,0.0,85,1247158,8,7,41,No,476293
AP0528,540,456803,Unemployed,0.21,97,726537,3,7,46,Yes,153579
AP0529,583,1701049,Unemployed,0.42,82,689652,3,9,38,No,329203
AP0530,536,2716843,Unemployed,0.27,12,1418463,8,10,26,No,134260
AP0531,744,2448245,Employed,0.56,57,1589906,4,3,30,No,382284
AP0532,805,368892,Self-employed,0.11,36,901920,4,9,59,No,120220
AP0533,560,2442399,Unemployed,0.31,89,203333,9,17,46,No,458628
AP0534,725,2099559,Employed,0.63,86,1806872,2,15,21,Yes,245106
AP0535,753,259081,Self-employed,0.02,85,232452,8,18,35,Yes,161785
AP0536,348,1391506,Employed,0.96,16,1707000,5,12,62,Yes,168327
AP0537,837,1125928,Self-employed,0.05,13,1794776,10,7,48,No,301730
AP0538,510,2349362,Employed,0.56,3,855912,9,6,51,No,229906
AP0539,804,2152197,Unemployed,0.65,69,123575,3,14,60,No,246171
AP0540,578,591289,Unemployed,0.11,84,1932119,5,20,46,Yes,333806
AP0541,306,899453,Unemployed,0.79,23,26439,3,1,46,Yes,269851
AP0542,420,1758867,Self-employed,0.32,55,1461335,2,20,24,Yes,428098
AP0543,784,903625,Unemployed,0.24,91,1307072,10,7,19,No,423962
AP0544,332,2503040,Unemployed,0.4,56,1536099,8,6,60,No,93771
AP0545,360,1209306,Unemployed,0.69,30,1504549,10,1,57,Yes,421037
AP0546,556,910949,Self-employed,0.28,86,422451,3,14,38,No,287442
AP0547,378,1011401,Unemployed,0.77,54,653482,6,17,65,No,488262
AP0548,782,2963175,Unemployed,0.64,78,41266,5,9,37,Yes,474044
AP0549,420,1107617,Employed,0.65,65,1968044,3,8,36,Yes,453890
AP0550,742,957305,Employed,0.49,24,45220,7,8,37,Yes,206143
AP0551,401,2412129,Employed,0.54,24,766188,10,6,45,No,435627
AP0552,395,2722389,Employed,0.93,81,980080,0,20,42,No,68971
AP0553,511,1544673,Unemployed,0.64,95,1055206,3,19,33,No,68585
AP0554,369,1287745,Self-employed,0.85,8,1205682,7,16,48,Yes,302953
AP0555,690,819638,Employed,0.74,2,1158824,1,20,20,No,389922
AP0556,609,675083,Self-employed,0.7,15,1152543,6,12,49,No,424275
AP0557,835,798020,Employed,0.81,23,328418,5,8,37,No,308552
AP0558,411,507328,Employed,0.86,16,1086307,10,14,49,No,344128
AP0559,314,226330,Self-employed,0.44,8,1586355,3,11,37,No,156161
AP0560,662,2045010,Self-employed,0.21,71,1965802,10,15,22,No,298586
AP0561,510,964887,Self-employed,0.78,52,99919,7,10,52,Yes,205786
AP0562,361,380038,Self-employed,0.2,94,390598,9,5,62,No,89548
AP0563,447,2744676,Employed,0.13,29,1394716,7,9,58,Yes,185499
AP0564,529,2475577,Unemployed,0.08,88,1332398,4,10,55,No,90312
AP0565,482,1825554,Unemployed,0.34,41,1395158,6,15,61,No,109292
AP0566,639,1850883,Self-employed,0.02,100,1508687,4,5,21,No,412568
AP0567,522,2477588,Self-employed,0.13,17,1256431,7,6,56,Yes,172402
AP0568,482,799501,Self-employed,0.86,94,1929987,8,2,33,No,467313
AP0569,820,2440965,Employed,0.19,86,1429503,7,4,22,Yes,98850
AP0570,718,1419450,Self-employed,0.41,65,1886556,10,15,24,No,482595
AP0571,549,1808889,Self-employed,0.66,18,1094274,4,14,47,Yes,73513
AP0572,511,2686634,Unemployed,0.73,0,1494411,3,1,64,Yes,165020
AP0573,690,2503163,Self-employed,0.63,79,1570313,7,14,53,Yes,192032
AP0574,521,1095276,Self-employed,0.94,96,643899,6,13,61,No,235607
AP0575,629,1444759,Self-employed,0.25,52,1413928,8,11,55,No,419262
AP0576,622,2198062,Unemployed,0.3,81,166768,1,15,32,Yes,489532
AP0577,323,1379454,Self-employed,0.25,77,451072,8,2,36,No,232364
AP0578,537,659074,Employed,0.57,40,358248,5,8,59,Yes,111849
AP0579,836,1140766,Employed,0.79,32,924088,7,13,52,Yes,347163
AP0580,777,2500410,Self-employed,0.77,1,1484383,3,20,53,Yes,300364
AP0581,805,1237865,Self-employed,0.5,91,729728,5,6,35,Yes,428420
AP0582,752,2907952,Self-employed,0.07,71,139293,10,9,34,No,464324
AP0583,543,2364992,Unemployed,0.1,24,1860087,3,11,26,Yes,175571
AP0584,612,2685347,Unemployed,0.39,9,52729,10,16,50,No,497812
AP0585,342,2491132,Unemployed,0.18,6,364825,4,3,42,No,326530
AP0586,635,2961193,Employed,0.65,16,1814049,5,7,25,No,472973
AP0587,830,2404579,Self-employed,0.57,58,1207426,1,9,35,No,231856
AP0588,549,1585686,Employed,0.24,84,174190,4,9,65,No,224817
AP0589,381,862126,Employed,0.26,97,585458,4,15,43,No,362333
AP0590,418,2233350,Unemployed,0.85,16,1957277,1,4,49,No,477994
AP0591,341,507353,Self-employed,0.62,20,1194461,1,4,34,Yes,347376
AP0592,646,1152759,Unemployed,0.58,0,709978,9,4,47,Yes,392273
AP0593,306,2400672,Unemployed,0.48,67,1824120,5,18,64,Yes,263107
AP0594,703,2419982,Unemployed,0.35,42,364626,3,3,30,No,409387
AP0595,682,1907661,Employed,0.16,8,1336817,8,11,42,No,423606
AP0596,341,2367838,Employed,0.17,23,235808,0,6,36,Yes,371734
AP0597,316,1550895,Employed,0.31,56,564663,4,17,36,No,273896
AP0598,380,202832,Employed,0.98,99,1140662,6,19,55,No,111350
AP0599,366,1082594,Employed,0.78,15,528177,8,8,36,No,484934
AP0600,696,2502446,Employed,0.31,60,1275212,3,20,43,Yes,158634
AP0601,709,2743572,Self-employed,0.85,48,1124782,2,7,37,Yes,225633
AP0602,804,2029444,Employed,0.83,28,1056641,5,15,55,Yes,275553
AP0603,397,333517,Employed,0.44,82,435829,0,14,27,No,65148
AP0604,670,1979197,Self-employed,0.71,45,727971,7,1,24,No,268787
AP0605,669,1989695,Employed,1.0,90,228113,4,11,50,No,443099
AP0606,428,2518419,Unemployed,0.45,33,1893557,9,7,25,No,435804
AP0607,463,2954448,Self-employed,0.72,59,436097,2,20,53,Yes,374193
AP0608,849,526394,Unemployed,0.33,49,1317056,6,1,34,Yes,311371
AP0609,560,2217738,Self-employed,0.5,28,54482,1,12,62,No,168035
AP0610,831,2694531,Unemployed,0.73,9,846916,8,11,30,Yes,256118
AP0611,531,1333648,Unemployed,0.69,76,134723,0,19,32,No,92915
AP0612,509,1173560,Self-employed,0.75,8,1383021,9,14,53,No,320583
AP0613,533,2269417,Unemployed,0.75,62,1600009,5,3,48,Yes,272671
AP0614,344,229180,Unemployed,0.89,96,1259190,10,1,38,Yes,368490
AP0615,454,730472,Employed,0.03,19,1617744,9,15,32,No,208204
AP0616,566,372801,Unemployed,0.98,97,1126840,6,1,27,No,401212
AP0617,757,2761921,Unemployed,0.74,38,384749,7,15,19,No,264258
AP0618,481,2676313,Self-employed,0.11,85,792352,1,2,25,Yes,329870
AP0619,343,2490529,Unemployed,0.47,74,1796835,0,7,43,Yes,314542
AP0620,466,2326835,Employed,0.83,79,1192165,7,18,65,No,320872
AP0621,378,565758,Self-employed,0.34,45,549775,10,6,48,No,264279
AP0622,390,2346121,Self-employed,0.87,98,1734179,0,8,50,No,72615
AP0623,553,1375890,Employed,0.12,41,1230003,3,8,21,No,268125
AP0624,602,1881697,Self-employed,0.71,99,482220,2,15,59,No,414352
AP0625,633,1193344,Unemployed,0.51,51,870285,0,4,25,Yes,106674
AP0626,695,2422910,Employed,0.93,33,154040,4,18,54,Yes,459569
AP0627,590,1942984,Self-employed,0.57,9,522973,8,20,33,Yes,427846
AP0628,477,2434751,Employed,0.73,59,185148,7,3,26,No,440852
AP0629,354,211008,Unemployed,0.97,90,1726020,3,15,35,No,228708
AP0630,619,991657,Employed,0.75,80,792183,0,12,23,Yes,492556
AP0631,720,279656,Employed,0.11,1,1765571,7,8,57,No,203951
AP0632,526,1733991,Self-employed,0.06,60,150678,4,2,50,No,144663
AP0633,333,2044696,Unemployed,0.22,47,1242403,0,20,62,Yes,190724
AP0634,404,770382,Employed,0.77,57,1088247,4,5,63,Yes,97292
AP0635,362,279741,Unemployed,0.45,29,776110,7,13,22,Yes,317004
AP0636,831,1692125,Self-employed,0.18,58,843539,5,18,59,No,395362
AP0637,357,2540849,Self-employed,0.74,96,800935,0,12,62,No,473362
AP0638,748,2880452,Self-employed,0.38,49,29076,3,3,62,No,310995
AP0639,714,1102160,Self-employed,0.25,80,1902681,3,19,39,No,160371
AP0640,465,2406216,Unemployed,0.99,70,182085,3,11,55,Yes,346117
AP0641,814,1810236,Self-employed,0.46,66,674871,10,6,43,No,260328
AP0642,686,2960205,Employed,0.85,22,1643121,1,15,62,Yes,297195
AP0643,559,712996,Employed,0.88,62,497113,10,17,18,Yes,140610
AP0644,491,2125478,Employed,0.78,79,352927,4,14,54,No,220626
AP0645,613,1215326,Employed,0.6,88,214100,7,3,18,Yes,473180
AP0646,388,1416140,Self-employed,0.04,33,889958,5,16,36,No,152284
AP0647,765,1199697,Employed,0.74,79,856468,9,1,39,Yes,179355
AP0648,582,1829306,Employed,0.71,44,1453222,8,4,18,Yes,392674
AP0649,629,1337007,Employed,0.51,10,587121,6,6,36,No,88371
AP0650,483,2480856,Unemployed,0.16,40,512698,10,9,20,Yes,151062
AP0651,470,649717,Unemployed,0.94,61,1957562,10,10,57,No,194277
AP0652,800,2953892,Unemployed,0.05,74,451420,5,20,56,Yes,490683
AP0653,399,2089952,Employed,0.3,91,923928,2,12,18,No,496812
AP0654,690,242265,Employed,0.26,4,108035,0,5,32,Yes,111802
AP0655,614,1229929,Employed,0.85,19,1554589,7,12,61,No,122584
AP0656,476,895118,Employed,0.05,98,91432,6,14,20,Yes,125783
AP0657,425,1873275,Unemployed,0.59,37,1765586,6,7,25,No,222857
AP0658,569,2846487,Unemployed,0.51,61,1397615,7,20,34,No,119905
AP0659,631,1215791,Employed,0.67,68,142365,3,2,33,Yes,91856
AP0660,327,2922177,Unemployed,0.03,33,1406803,4,15,64,Yes,298372
AP0661,762,1174913,Unemployed,0.52,78,519729,8,9,46,No,264930
AP0662,418,768585,Self-employed,0.94,29,468279,8,14,48,No,142148
AP0663,847,1481311,Unemployed,0.08,13,1693414,8,15,48,No,110452
AP0664,713,975534,Unemployed,0.94,56,1755288,1,10,55,No,145383
AP0665,675,507638,Unemployed,0.32,90,1567107,3,12,44,No,94298
AP0666,703,720031,Unemployed,0.98,83,1224511,0,15,40,Yes,365333
AP0667,556,2241815,Employed,0.62,42,1784407,9,15,56,No,167702
AP0668,402,1375934,Self-employed,0.3,75,582914,4,14,29,Yes,257266
AP0669,716,903272,Employed,0.54,77,333045,7,10,42,No,170825
AP0670,760,2087896,Employed,1.0,53,645302,8,4,44,Yes,324078
AP0671,333,1919591,Unemployed,0.59,90,328752,7,18,27,Yes,308251
AP0672,803,1228796,Unemployed,0.9,35,1395799,6,5,23,No,385835
AP0673,765,555116,Unemployed,0.43,93,54650,3,19,29,Yes,200280
AP0674,404,754582,Employed,0.97,27,129167,2,4,36,No,367409
AP0675,579,2304220,Employed,0.8,36,388974,0,14,65,Yes,143372
AP0676,310,2568687,Employed,0.19,54,161753,3,10,36,Yes,302576
AP0677,794,1130914,Self-employed,0.79,75,979975,3,1,51,No,253109
AP0678,821,338045,Employed,0.11,92,1160660,7,4,23,Yes,333349
AP0679,617,400074,Self-employed,0.98,93,378633,6,14,20,Yes,479943
AP0680,468,2585792,Self-employed,0.41,6,1828379,1,10,36,No,458807
AP0681,450,2601759,Unemployed,0.33,18,1281870,4,2,47,No,228880
AP0682,327,2489498,Unemployed,0.6,62,67693,7,12,63,No,187158
AP0683,500,1546950,Unemployed,0.98,47,1458370,7,1,59,No,374389
AP0684,605,283358,Self-employed,0.83,7,474531,5,18,49,No,421261
AP0685,793,2392394,Employed,0.63,57,1480428,9,13,59,No,430844
AP0686,656,1501684,Employed,0.56,59,376638,4,3,30,Yes,474456
AP0687,765,340785,Unemployed,0.83,21,870128,1,11,19,Yes,340105
AP0688,679,2812895,Employed,0.58,97,1852421,3,14,37,No,485560
AP0689,712,2250759,Self-employed,0.49,79,30322,5,14,23,Yes,254188
AP0690,499,2349141,Self-employed,0.08,76,1557015,5,16,44,Yes,469404
AP0691,542,2889467,Self-employed,0.11,78,696579,1,6,63,No,146183
AP0692,821,296711,Unemployed,0.25,25,416912,6,19,19,Yes,106376
AP0693,668,2777383,Unemployed,0.49,93,22720,5,20,63,No,186331
AP0694,537,2687145,Self-employed,0.99,35,787391,2,14,63,Yes,204842
AP0695,470,2534160,Unemployed,0.73,37,1175064,9,13,27,No,292510
AP0696,737,1895932,Self-employed,0.02,27,1285616,8,11,58,Yes,322339
AP0697,604,1281857,Self-employed,0.33,41,36004,9,12,49,No,171950
AP0698,733,2046082,Employed,0.97,68,48721,5,19,33,Yes,168474
AP0699,395,474662,Employed,0.76,92,1632010,7,7,34,Yes,381569
AP0700,549,807127,Self-employed,0.71,82,797804,0,1,59,No,97300
AP0701,516,1378507,Employed,0.35,81,1712028,9,7,33,Yes,154298
AP0702,558,2993399,Self-employed,0.45,56,634206,5,3,31,No,113168
AP0703,644,1885151,Self-employed,0.38,67,42299,0,7,30,Yes,246752
AP0704,517,1760305,Self-employed,0.33,25,1993294,3,8,31,Yes,478477
AP0705,366,2513897,Unemployed,0.38,74,21717,5,14,25,Yes,85113
AP0706,403,2664317,Unemployed,0.1,57,958841,7,12,27,No,96157
AP0707,712,2993714,Unemployed,0.29,73,1715353,9,5,26,Yes,468177
AP0708,419,2223163,Unemployed,0.93,96,1196729,8,16,29,Yes,346203
AP0709,434,1447423,Employed,0.43,1,817805,7,4,40,No,435220
AP0710,718,2161928,Employed,0.44,76,241491,7,16,46,No,50061
AP0711,415,1206038,Unemployed,0.02,85,706851,5,11,56,No,135670
AP0712,637,376346,Self-employed,0.45,28,210742,3,17,23,No,332900
AP0713,334,2553590,Self-employed,0.55,36,281063,0,12,31,Yes,221113
AP0714,811,2557081,Employed,0.27,30,440708,1,16,64,Yes,204435
AP0715,375,2900343,Unemployed,0.09,32,811284,5,3,52,No,455207
AP0716,646,473782,Self-employed,0.02,45,1131598,7,20,24,Yes,461176
AP0717,644,584933,Employed,0.85,42,1780980,5,1,27,Yes,130807
AP0718,495,826089,Self-employed,0.18,33,1517283,1,13,60,Yes,284714
AP0719,832,1174005,Self-employed,0.47,0,1703658,5,4,49,No,184029
AP0720,405,1748418,Unemployed,0.03,47,1154549,2,1,39,Yes,384928
AP0721,364,707179,Unemployed,0.97,31,1937255,6,11,64,No,62446
AP0722,426,1548454,Unemployed,0.88,48,928182,1,5,43,No,226804
AP0723,434,1524162,Unemployed,0.09,1,1082861,4,11,48,Yes,353593
AP0724,520,2096233,Self-employed,0.81,55,1622070,5,19,60,No,316170
AP0725,486,2591371,Unemployed,0.88,3,1762024,9,17,39,Yes,64556
AP0726,481,272618,Self-employed,0.16,67,120927,0,6,54,No,121650
AP0727,806,2451151,Employed,0.53,53,156925,1,17,23,No,235094
AP0728,346,2393773,Employed,0.91,46,1135642,7,19,52,Yes,407256
AP0729,681,1779732,Self-employed,0.56,60,823147,4,7,26,Yes,58186
AP0730,553,2164309,Employed,0.6,35,1941322,7,7,26,No,479080
AP0731,335,2719185,Self-employed,0.85,71,489982,5,13,28,Yes,452076
AP0732,843,1257844,Self-employed,0.0,2,140914,9,11,47,Yes,420389
AP0733,848,1682393,Self-employed,0.98,70,1977352,9,3,47,No,305359
AP0734,750,444646,Employed,0.32,41,1658004,4,14,62,No,445881
AP0735,403,1858668,Unemployed,0.14,0,1493446,2,10,41,No,326156
AP0736,645,639630,Employed,0.12,92,1812831,4,7,21,No,441340
AP0737,678,2494157,Self-employed,0.14,30,231769,4,19,28,Yes,149120
AP0738,734,757387,Employed,0.6,14,376623,5,2,53,Yes,445406
AP0739,792,238169,Self-employed,0.79,99,1768738,2,13,51,Yes,144514
AP0740,770,1995140,Unemployed,0.53,31,1362024,0,8,21,No,381654
AP0741,394,2238424,Self-employed,0.89,96,1450611,2,1,55,Yes,480787
AP0742,779,1035448,Employed,0.89,47,381888,3,10,24,No,358033
AP0743,517,1323143,Employed,0.66,86,1407595,9,11,23,Yes,88987
AP0744,387,2901718,Employed,0.04,10,673457,9,3,54,No,254034
AP0745,532,259288,Self-employed,0.93,81,68841,6,12,48,No,203776
AP0746,411,652933,Employed,0.62,95,1876560,0,17,36,No,478084
AP0747,713,1424428,Self-employed,0.67,27,1817401,2,19,44,No,330822
AP0748,386,686875,Unemployed,0.34,14,195860,6,20,24,Yes,468026
AP0749,565,700467,Self-employed,0.02,24,1501711,4,16,39,Yes,310763
AP0750,488,435578,Employed,0.01,37,1598642,1,20,29,No,143217
AP0751,572,593577,Self-employed,0.07,72,908528,9,3,61,Yes,216525
AP0752,710,2282527,Self-employed,0.86,71,1029893,5,5,33,No,58776
AP0753,330,2993939,Employed,0.22,61,1787751,8,1,46,Yes,252061
AP0754,366,1747561,Employed,0.24,44,602208,2,13,54,Yes,228602
AP0755,671,617886,Self-employed,0.06,30,642294,7,5,42,No,351542
AP0756,339,2369704,Unemployed,0.54,76,554129,8,18,56,No,305862
AP0757,361,397544,Self-employed,0.8,97,1821704,6,4,25,No,172918
AP0758,783,703391,Self-employed,0.75,75,1190993,2,4,45,Yes,217445
AP0759,364,1595046,Self-employed,0.12,65,1371040,8,13,52,Yes,490607
AP0760,361,209435,Employed,0.28,89,1570745,4,17,27,Yes,67065
AP0761,800,911018,Unemployed,0.9,79,391495,7,19,21,Yes,375345
AP0762,588,2992204,Unemployed,0.49,2,834414,9,3,57,No,385822
AP0763,623,1586230,Unemployed,0.87,48,493231,4,12,60,No,229953
AP0764,636,1725496,Employed,0.42,66,655366,1,2,49,No,87675
AP0765,477,1906142,Employed,0.56,60,1297360,6,16,43,Yes,200978
AP0766,568,2781141,Unemployed,0.31,41,1084606,8,5,32,Yes,396551
AP0767,669,1422197,Unemployed,0.11,93,114380,5,14,25,Yes,325528
AP0768,444,1643377,Employed,0.46,19,105536,0,16,54,No,267995
AP0769,351,368854,Self-employed,0.53,4,1015403,5,7,55,Yes,268391
AP0770,300,2189629,Employed,0.65,64,663496,0,4,39,Yes,429503
AP0771,779,2733313,Employed,0.59,70,221193,0,9,41,No,187875
AP0772,507,1230799,Self-employed,0.8,95,518675,1,17,62,No,233642
AP0773,512,2525450,Self-employed,0.79,6,271789,10,15,43,Yes,66291
AP0774,371,835118,Unemployed,0.56,86,1071336,9,7,25,Yes,228984
AP0775,786,2309503,Employed,0.44,95,1764715,1,15,40,Yes,158398
AP0776,302,2659286,Employed,0.84,59,1136138,10,1,25,No,301557
AP0777,751,2699670,Self-employed,0.95,15,841910,10,13,27,No,294703
AP0778,642,1374983,Employed,0.94,44,174100,2,20,58,Yes,203419
AP0779,739,2025934,Self-employed,0.31,50,601777,4,12,24,No,65891
AP0780,300,1942716,Employed,0.08,73,762452,8,2,26,No,353644
AP0781,412,509221,Employed,0.5,90,816938,7,18,27,No,59210
AP0782,327,979883,Unemployed,0.95,58,171275,4,13,62,Yes,120439
AP0783,792,2710204,Unemployed,0.83,28,863015,6,12,28,No,384537
AP0784,649,1464130,Unemployed,0.26,85,1778960,9,20,54,Yes,158857
AP0785,719,758013,Self-employed,0.06,23,47250,2,8,51,No,78708
AP0786,775,1274476,Employed,0.73,41,1536286,2,15,56,No,108444
AP0787,693,1456130,Self-employed,0.95,73,1518953,3,6,40,No,69371
AP0788,429,921512,Unemployed,0.33,57,283516,4,8,31,No,391895
AP0789,672,2184392,Self-employed,0.96,45,1416582,2,17,25,No,396340
AP0790,349,2980151,Unemployed,0.12,84,1637152,5,16,39,No,240451
AP0791,768,2746703,Employed,0.09,0,229817,5,2,55,No,69017
AP0792,323,630807,Employed,0.64,61,1046657,7,13,53,No,337445
AP0793,443,2612096,Self-employed,0.03,6,1973706,9,15,56,Yes,325688
AP0794,353,2818943,Employed,0.77,59,522481,6,2,36,Yes,408913
AP0795,772,758721,Unemployed,0.16,4,1110268,2,7,25,No,312194
AP0796,740,405367,Unemployed,0.84,70,1757228,10,20,40,No,198373
AP0797,596,681873,Self-employed,0.29,85,997251,1,3,41,No,194747
AP0798,764,2061489,Employed,0.99,42,1741452,1,12,62,No,478356
AP0799,419,2160945,Employed,0.06,49,342096,8,11,64,Yes,373957
AP0800,695,2917882,Unemployed,0.64,14,720366,9,3,20,No,151884
AP0801,489,1238426,Employed,0.17,97,830472,2,9,43,Yes,53809
AP0802,309,2971848,Employed,0.41,68,1744977,2,19,37,Yes,414575
AP0803,486,572735,Unemployed,0.62,64,1208505,1,16,44,No,403417
AP0804,505,1899966,Self-employed,0.88,86,239623,2,6,42,No,179540
AP0805,763,295016,Self-employed,0.33,40,1824783,10,3,61,No,408183
AP0806,554,495489,Unemployed,0.47,83,509468,7,4,40,No,234496
AP0807,744,743940,Self-employed,0.63,42,1800089,0,17,43,No,257603
AP0808,614,201512,Self-employed,0.62,63,1826760,1,15,58,No,212572
AP0809,477,1605966,Unemployed,0.24,64,103069,1,9,55,No,416729
AP0810,827,1116086,Employed,0.18,76,1773890,8,14,53,No,190955
AP0811,487,2488278,Unemployed,0.72,32,1450201,0,19,40,No,478521
AP0812,614,2903931,Unemployed,0.58,6,23291,2,20,20,No,384493
AP0813,413,547545,Employed,0.43,92,78256,10,6,36,No,433142
AP0814,641,2497582,Self-employed,0.14,38,1778208,7,3,46,No,435164
AP0815,774,2310212,Self-employed,0.24,0,845053,9,20,26,Yes,73606
AP0816,749,325742,Employed,0.37,59,1241792,9,20,23,Yes,113569
AP0817,499,2209571,Unemployed,0.29,32,1285618,5,8,46,No,228760
AP0818,652,401851,Unemployed,0.01,83,1128406,0,16,18,Yes,386551
AP0819,777,369767,Employed,0.42,7,665392,8,4,64,No,150915
AP0820,750,2440807,Unemployed,0.24,35,1237375,10,19,20,No,303605
AP0821,308,295242,Unemployed,0.7,42,281592,9,9,22,No,181743
AP0822,471,2844372,Unemployed,0.86,6,306216,2,18,30,No,471148
AP0823,759,842542,Unemployed,0.4,72,940660,0,17,28,Yes,139579
AP0824,447,2986733,Unemployed,0.94,54,1336850,7,6,40,Yes,306391
AP0825,547,2729641,Unemployed,0.86,57,941321,6,17,37,Yes,244486
AP0826,825,2355479,Unemployed,0.48,68,1735281,7,17,64,Yes,162332
AP0827,540,2935720,Unemployed,0.24,64,863002,2,18,49,Yes,294182
AP0828,605,1996930,Employed,0.45,32,382081,6,1,25,Yes,254336
AP0829,461,486905,Employed,0.88,30,1135289,7,6,47,No,459438
AP0830,474,1441419,Unemployed,0.48,80,1935011,10,1,28,Yes,99035
AP0831,340,594153,Self-employed,0.7,30,1259866,8,14,21,No,378467
AP0832,617,1275176,Self-employed,0.31,52,170900,2,6,39,Yes,278339
AP0833,610,1061886,Employed,0.97,65,322451,1,19,44,No,67121
AP0834,420,815498,Unemployed,0.62,8,1473200,8,17,21,Yes,109330
AP0835,612,547576,Self-employed,0.1,97,1791098,0,13,26,Yes,191757
AP0836,750,407410,Employed,0.45,1,889949,6,1,54,No,138286
AP0837,335,2864086,Employed,0.35,65,194940,7,11,62,Yes,258403
AP0838,587,1648862,Employed,0.7,68,1660951,1,20,53,Yes,283741
AP0839,410,2522383,Self-employed,0.38,84,202213,4,19,21,No,467725
AP0840,820,2021765,Employed,0.31,90,898903,9,8,59,Yes,398844
AP0841,590,396728,Self-employed,0.86,63,24955,9,6,33,No,458196
AP0842,600,882927,Unemployed,0.2,94,262666,9,3,23,Yes,113448
AP0843,533,298341,Unemployed,0.32,54,564921,0,12,64,Yes,62248
AP0844,724,2139463,Employed,0.89,24,199438,4,2,64,Yes,396820
AP0845,458,596436,Unemployed,0.55,16,623911,2,4,44,Yes,65708
AP0846,841,2531320,Employed,0.8,64,967249,3,11,53,Yes,327945
AP0847,456,897797,Employed,0.38,96,1288031,7,3,30,Yes,227648
AP0848,704,1988351,Unemployed,0.69,51,1351548,3,8,59,No,262753
AP0849,815,728272,Unemployed,0.47,52,864193,1,12,50,No,426923
AP0850,425,2977466,Employed,0.65,55,1746575,7,6,29,Yes,456365
AP0851,398,2286882,Self-employed,0.18,12,715082,4,2,22,Yes,151102
AP0852,464,1625538,Self-employed,0.88,51,848864,2,20,63,Yes,108211
AP0853,347,2684772,Self-employed,0.87,31,1376504,1,12,40,Yes,290935
AP0854,535,2332526,Employed,0.41,54,1478028,3,6,59,No,278981
AP0855,709,1025641,Employed,0.44,84,228403,0,20,38,No,389350
AP0856,740,2476801,Self-employed,0.12,26,871161,10,13,35,Yes,185133
AP0857,652,1781769,Unemployed,0.66,89,840437,2,7,25,Yes,469052
AP0858,406,539851,Self-employed,0.85,13,648488,8,12,33,Yes,305225
AP0859,485,2523560,Unemployed,0.39,76,787641,3,20,50,Yes,107393
AP0860,642,2146901,Self-employed,0.46,43,887397,1,5,37,Yes,405684
AP0861,675,1680237,Unemployed,0.7,81,371160,5,13,19,No,378686
AP0862,840,1597746,Self-employed,0.1,10,427646,5,11,65,Yes,157370
AP0863,785,2978568,Self-employed,0.1,18,616332,0,9,35,No,154011
AP0864,702,1025914,Self-employed,0.39,75,290001,0,6,32,Yes,146295
AP0865,324,1591204,Employed,0.13,6,1245266,1,12,18,Yes,178485
AP0866,493,2826013,Employed,0.59,73,184276,2,7,60,No,255610
AP0867,816,2341207,Self-employed,0.37,71,487927,0,16,57,Yes,104815
AP0868,509,1317099,Employed,0.79,77,978654,6,1,63,Yes,226789
AP0869,758,1020667,Self-employed,0.87,44,1493360,6,5,49,No,327888
AP0870,602,2363169,Unemployed,0.02,22,1100871,3,17,37,Yes,237049
AP0871,553,1345745,Employed,0.55,55,913732,3,15,21,No,214615
AP0872,400,2048829,Employed,0.18,45,1247100,1,2,43,No,466852
AP0873,720,2907133,Self-employed,0.74,31,738261,1,7,42,No,386337
AP0874,443,728979,Unemployed,0.69,0,1581277,4,1,56,No,393397
AP0875,839,1379926,Self-employed,0.81,81,1318379,3,9,62,No,141284
AP0876,579,1968277,Self-employed,0.52,13,1595643,7,19,45,Yes,99595
AP0877,384,2286449,Employed,0.61,58,1332275,7,18,44,Yes,256837
AP0878,393,1153560,Self-employed,0.48,67,1123023,5,12,46,Yes,482227
AP0879,787,1475822,Employed,0.39,64,984893,0,14,53,No,128819
AP0880,818,367300,Employed,0.55,43,137414,0,19,42,No,179614
AP0881,327,1294965,Employed,0.18,77,849204,1,19,21,No,211103
AP0882,495,2879009,Employed,0.68,37,541091,7,11,63,Yes,144182
AP0883,623,1731131,Self-employed,0.79,58,1955146,1,2,60,Yes,74571
AP0884,694,1308532,Unemployed,0.82,37,711756,2,18,59,No,284145
AP0885,529,1192626,Employed,0.32,89,1252170,4,4,50,Yes,344229
AP0886,386,225321,Unemployed,0.09,23,1163349,10,14,49,No,276294
AP0887,843,1772133,Unemployed,0.47,17,1090431,0,20,49,No,387800
AP0888,686,2868630,Employed,0.23,93,360207,0,5,65,Yes,120972
AP0889,500,1405326,Self-employed,0.71,7,841798,3,18,53,No,227033
AP0890,679,2631021,Employed,0.73,90,1029980,7,4,58,No,315423
AP0891,752,1151178,Unemployed,0.84,89,969196,3,15,23,Yes,240811
AP0892,354,1509349,Self-employed,0.8,51,970814,2,4,45,No,337381
AP0893,506,711452,Unemployed,0.19,75,311995,7,4,40,Yes,373105
AP0894,466,1057877,Unemployed,0.93,89,854194,1,5,29,No,97254
AP0895,304,452314,Unemployed,0.05,75,1783145,1,10,31,No,466202
AP0896,336,2488345,Employed,0.44,21,1711357,7,12,22,No,424663
AP0897,367,817025,Employed,0.02,65,111291,6,2,25,Yes,360834
AP0898,538,2178781,Unemployed,0.99,31,1519599,1,10,55,No,432958
AP0899,609,2805619,Self-employed,0.87,9,780153,4,10,41,Yes,348711
AP0900,834,2443924,Self-employed,0.91,71,206586,8,13,58,Yes,342859
AP0901,458,2250493,Self-employed,0.85,1,721851,10,11,42,No,321567
AP0902,660,2233563,Self-employed,0.19,87,1464273,3,19,21,Yes,482561
AP0903,510,615766,Self-employed,0.82,26,713220,0,8,51,No,402051
AP0904,376,2536079,Unemployed,0.09,93,309366,8,5,36,No,204015
AP0905,600,1433538,Self-employed,0.19,4,868976,9,1,25,Yes,87726
AP0906,541,297664,Self-employed,0.29,25,1041589,4,1,40,No,117490
AP0907,654,2676891,Employed,0.98,97,840177,1,20,23,No,178282
AP0908,832,593665,Self-employed,0.44,85,978019,2,6,56,No,228381
AP0909,592,2627375,Self-employed,0.44,49,1523199,2,15,40,No,396530
AP0910,727,1511958,Employed,0.5,22,1906642,6,3,54,No,72982
AP0911,353,766722,Unemployed,0.04,58,345405,4,5,25,No,51662
AP0912,369,2880968,Unemployed,0.0,83,1957858,8,16,27,No,323673
AP0913,452,345204,Self-employed,0.83,90,1554004,8,17,45,No,325483
AP0914,832,2313692,Employed,0.54,79,1554473,3,11,48,No,157981
AP0915,361,1661134,Unemployed,0.04,44,1220796,8,11,42,No,76387
AP0916,687,947879,Employed,0.29,5,1696664,1,5,45,No,380954
AP0917,782,2272073,Self-employed,0.47,60,1312822,7,8,58,Yes,496384
AP0918,410,506220,Employed,0.79,97,940739,10,7,20,No,468520
AP0919,817,964047,Unemployed,0.24,42,206373,5,19,22,No,472473
AP0920,489,930019,Unemployed,0.54,64,1365883,10,3,29,No,91473
AP0921,384,2743247,Unemployed,0.42,61,1522424,8,10,27,Yes,115582
AP0922,399,207088,Employed,0.19,59,880482,2,8,33,No,422682
AP0923,575,1475805,Self-employed,0.7,89,533947,3,18,59,Yes,335985
AP0924,803,1639854,Unemployed,0.81,35,1619643,2,4,29,Yes,202289
AP0925,617,460349,Unemployed,0.29,24,114730,7,19,37,No,145610
AP0926,513,803051,Employed,0.69,75,1977468,1,10,60,Yes,57781
AP0927,378,765061,Self-employed,0.93,71,827664,6,3,34,Yes,155409
AP0928,372,2301541,Unemployed,0.85,100,900961,1,6,28,Yes,292167
AP0929,603,2946307,Employed,0.65,67,1005416,2,12,43,Yes,456268
AP0930,453,1407916,Unemployed,0.14,15,1734884,8,15,28,Yes,248951
AP0931,660,2222949,Self-employed,0.03,86,1833913,7,2,57,No,457372
AP0932,559,2709258,Unemployed,0.45,96,877765,9,17,39,No,411898
AP0933,514,1335349,Unemployed,0.07,100,1960442,4,7,45,Yes,485178
AP0934,644,392041,Employed,0.68,65,479670,4,18,47,Yes,209660
AP0935,816,2766787,Employed,0.7,57,1203599,2,3,41,No,266472
AP0936,346,712896,Self-employed,0.12,22,1230149,7,19,40,No,277251
AP0937,671,2542393,Unemployed,0.82,23,704977,1,10,52,Yes,236737
AP0938,354,2768428,Unemployed,0.79,8,891511,10,4,45,Yes,304357
AP0939,697,253852,Employed,0.04,46,1030643,4,1,32,Yes,464317
AP0940,518,1264192,Employed,0.44,16,1760784,3,8,24,No,381403
AP0941,608,743302,Self-employed,0.47,81,938604,3,13,34,No,67363
AP0942,503,1398078,Self-employed,0.04,68,1407248,10,15,44,No,135066
AP0943,402,2963419,Self-employed,0.43,28,1260434,10,11,43,Yes,126692
AP0944,415,2295009,Self-employed,0.52,67,416328,3,12,60,No,277071
AP0945,648,2510186,Unemployed,0.57,61,584546,2,10,49,No,340678
AP0946,522,861458,Unemployed,0.15,85,330063,2,5,45,Yes,330270
AP0947,781,1305193,Self-employed,0.95,9,794620,6,2,62,No,135158
AP0948,461,921936,Employed,0.67,35,1199484,4,1,60,Yes,487801
AP0949,726,2083007,Unemployed,0.54,34,1802037,7,20,32,No,436990
AP0950,417,2239588,Self-employed,0.47,71,568374,9,20,32,No,190728
AP0951,396,1197941,Unemployed,0.83,40,337269,2,15,21,Yes,276192
AP0952,349,1669308,Unemployed,0.13,63,1149491,3,1,21,Yes,282561
AP0953,602,2954132,Employed,0.67,38,346153,3,15,24,Yes,417234
AP0954,762,764023,Self-employed,0.25,89,240450,5,18,26,Yes,426747
AP0955,801,1051023,Employed,0.19,89,1891758,0,3,34,No,124710
AP0956,772,1291127,Unemployed,0.3,77,678699,3,4,23,Yes,129905
AP0957,650,2994040,Employed,0.91,11,1233932,7,19,46,Yes,312172
AP0958,768,1394085,Unemployed,0.14,14,1600743,10,1,43,No,376603
AP0959,331,2105029,Unemployed,0.24,40,360384,3,20,63,Yes,193943
AP0960,470,210166,Unemployed,0.44,89,1064991,5,5,49,No,402624
AP0961,661,2724947,Unemployed,0.6,57,1914878,2,8,25,Yes,320482
AP0962,360,610465,Employed,0.12,6,1947966,8,2,20,Yes,141566
AP0963,719,2037359,Unemployed,0.42,5,1028699,8,19,41,Yes,380441
AP0964,699,1352082,Unemployed,0.34,39,248868,4,13,50,No,421266
AP0965,499,1633886,Employed,0.96,74,317422,9,15,24,Yes,76354
AP0966,598,2011673,Self-employed,0.8,21,382997,8,13,39,No,256372
AP0967,382,785603,Unemployed,0.15,52,240882,0,12,39,Yes,110280
AP0968,721,466639,Employed,0.72,54,225497,7,7,43,No,68333
AP0969,465,577572,Self-employed,0.05,35,1155048,5,17,53,Yes,104022
AP0970,366,2271692,Employed,0.49,96,199096,2,14,35,Yes,85825
AP0971,740,2819828,Self-employed,0.81,23,1171165,10,15,18,Yes,161786
AP0972,518,746278,Unemployed,0.78,34,1947055,5,2,29,Yes,90330
AP0973,319,2020472,Self-employed,0.15,2,1390536,1,9,45,Yes,310500
AP0974,664,2444105,Self-employed,0.85,20,1982951,5,9,18,No,219318
AP0975,347,2007866,Employed,0.42,94,1131301,1,2,55,Yes,417679
AP0976,800,512394,Self-employed,0.01,79,1743687,1,13,61,No,368551
AP0977,613,200563,Employed,0.06,33,57798,4,3,48,Yes,98091
AP0978,324,2556305,Employed,0.2,35,751484,1,7,19,Yes,91214
AP0979,342,1719523,Unemployed,0.1,38,543304,0,10,57,No,326907
AP0980,422,1586808,Employed,0.66,64,1441745,2,3,58,No,65537
AP0981,654,1467178,Employed,0.01,4,1962405,3,17,36,Yes,120680
AP0982,532,2787201,Employed,0.53,51,839551,0,12,19,Yes,264316
AP0983,515,1512003,Employed,0.21,42,1687325,4,12,36,No,312834
AP0984,377,1005205,Unemployed,0.94,96,292735,7,7,34,Yes,75675
AP0985,565,1193675,Unemployed,0.58,30,1264518,2,6,48,Yes,468131
AP0986,651,2530911,Self-employed,0.52,31,877001,8,4,31,No,288761
AP0987,704,1814493,Employed,0.89,39,819153,4,20,59,No,324751
AP0988,755,1781845,Unemployed,0.71,19,1042917,1,11,20,No,376722
AP0989,703,1056764,Self-employed,0.32,83,1243836,1,2,60,No,398061
AP0990,634,1060642,Employed,0.92,63,1467679,2,17,64,Yes,263126
AP0991,398,2156163,Employed,0.85,19,254034,3,20,28,No,69670
AP0992,501,493981,Employed,0.57,7,1102971,2,14,21,Yes,272468
AP0993,827,356991,Unemployed,0.08,67,1449918,7,17,53,Yes,465915
AP0994,741,1627087,Employed,0.11,15,299056,0,7,39,Yes,130352
AP0995,620,2364378,Unemployed,0.62,28,1216320,4,5,54,Yes,212539
AP0996,399,1282108,Employed,0.94,1,410971,6,20,27,No,122003
AP0997,493,642484,Self-employed,0.56,74,729188,5,18,19,No,86506
AP0998,514,316931,Employed,0.18,85,677091,9,8,64,No,309368
AP0999,648,1294405,Self-employed,0.46,100,622313,1,19,21,No,228072
AP1000,618,322882,Unemployed,0.25,86,642702,9,7,59,Yes,59133
