Card Name,Card Type,Benefits,Annual Fee (INR),Interest Rate (%),Age,Income,Credit Limit (INR)
Visa Classic,Credit Card,"- Worldwide Acceptance
- Purchase Protection",999,3.5,21,INR 3 Lakh+ p.a,"50,000 - 3,00,000"
Visa Signature,Premium Credit Card,"- Luxury Concierge
- Airport Lounge Access
- Travel Benefits",2500,3.0,25,INR 5 Lakh+ p.a,"1,00,000 - 10,00,000"
Visa Platinum,Credit Card,"- Cashback on purchases
- Travel Insurance
- Reward Points",1200,2.5,21,INR 4 Lakh+ p.a,"1,00,000 - 5,00,000"
Visa Infinite,Premium Credit Card,"- Access to Luxury Hotels
- Exclusive Golf Access
- Premium Concierge Service",5000,2.0,30,INR 10 Lakh+ p.a,"2,00,000 - 25,00,000"
Visa Business,Business Credit Card,"- Cash Flow Management
- Business Expense Tracking
- Discounts on Business Purchases",3500,2.8,30,Business Income INR 8 Lakh+ p.a,"1,00,000 - 20,00,000"
Visa Gold,Credit Card,"- Airport Lounge Access
- Discounts on Shopping
- Purchase Protection",1800,2.9,23,INR 4 Lakh+ p.a,"75,000 - 5,00,000"
HDFC Regalia,Premium Credit Card,"- Complimentary Airport Lounge Access
- Dining Privileges
- Insurance Coverage",2500,3.2,25,INR 6 Lakh+ p.a,"2,00,000 - 10,00,000"
HDFC Diners Club,Premium Credit Card,"- 24x7 Concierge Service
- Exclusive Offers
- Travel Benefits",5000,2.8,30,INR 10 Lakh+ p.a,"3,00,000 - 15,00,000"
ICICI Coral,Standard Credit Card,"- Fuel Surcharge Waiver
- Reward Points on Shopping",999,3.5,21,INR 4 Lakh+ p.a,"50,000 - 2,00,000"
ICICI Sapphiro,Premium Credit Card,"- Luxury Airport Lounge Access
- Free Movie Tickets
- Shopping Discounts",3000,3.2,25,INR 8 Lakh+ p.a,"1,00,000 - 10,00,000"
SBI Elite,Premium Credit Card,"- Complimentary Airport Lounge Access
- Reward Points
- Movie Vouchers",2999,2.9,30,INR 6 Lakh+ p.a,"1,50,000 - 10,00,000"
SBI SimplyClick,Standard Credit Card,"- Online Shopping Discounts
- Reward Points",499,3.6,21,INR 3 Lakh+ p.a,"50,000 - 2,00,000"
Axis Bank ACE,Standard Credit Card,"- 5% Cashback on Digital Payments
- Free Access to Google Pay Offers",999,3.0,21,INR 3 Lakh+ p.a,"75,000 - 3,00,000"
Axis Bank Vistara,Co-branded Credit Card,"- Complimentary Air Vistara Flight Tickets
- Airport Lounge Access",2500,2.8,25,INR 6 Lakh+ p.a,"1,00,000 - 5,00,000"
Axis Bank My Zone,Entertainment Credit Card,"- Discounts on Movies, Dining, and Shopping",1500,3.2,21,INR 3 Lakh+ p.a,"50,000 - 3,00,000"
American Express Platinum,Premium Credit Card,"- Premium Concierge Service
- Airport Lounge Access
- Travel Insurance",12000,2.5,30,INR 15 Lakh+ p.a,"5,00,000 - 50,00,000"
American Express Gold,Premium Credit Card,"- Dining Benefits
- Reward Points
- Travel Protection",5000,2.7,25,INR 8 Lakh+ p.a,"2,00,000 - 10,00,000"
American Express Smart Earn,Standard Credit Card,"- Earn Membership Rewards
- Online Shopping Discounts",1500,3.3,21,INR 4 Lakh+ p.a,"1,00,000 - 5,00,000"
RBL Bank Shop Smart,Co-branded Credit Card,"- Discounts on Online Shopping
- Reward Points",799,3.8,21,INR 3 Lakh+ p.a,"50,000 - 2,50,000"
RBL Bank Signature,Premium Credit Card,"- Luxury Travel Benefits
- Airport Lounge Access
- Premium Dining Offers",3500,2.6,25,INR 6 Lakh+ p.a,"1,50,000 - 10,00,000"
IndusInd Bank Platinum,Premium Credit Card,"- Fuel Surcharge Waiver
- Premium Airport Lounge Access",2500,3.0,21,INR 5 Lakh+ p.a,"1,00,000 - 8,00,000"
IndusInd Bank Legend,Premium Credit Card,"- Complimentary Lounge Access
- Travel Benefits",3500,3.1,30,INR 8 Lakh+ p.a,"2,00,000 - 10,00,000"
Kotak Mahindra Privy League,Premium Credit Card,"- Complimentary Golf Access
- International Airport Lounge Access",5000,3.2,30,INR 10 Lakh+ p.a,"3,00,000 - 15,00,000"
Kotak Mahindra Fortune,Standard Credit Card,"- Cashback on Groceries
- Dining Privileges",999,3.4,21,INR 4 Lakh+ p.a,"50,000 - 2,00,000"
YES Bank Prosperity,Premium Credit Card,"- Lifestyle Benefits
- Complimentary Lounge Access",3000,2.8,30,INR 7 Lakh+ p.a,"1,00,000 - 10,00,000"
YES Bank First,Standard Credit Card,"- 1% Cashback on All Purchases
- Reward Points",999,3.6,21,INR 3 Lakh+ p.a,"50,000 - 3,00,000"
HDFC Business,Business Credit Card,"- Fuel and Shopping Discounts
- Employee Expense Tracking",3500,3.0,30,Business Income INR 10 Lakh+ p.a,"1,00,000 - 15,00,000"
Bank of Baroda,Standard Credit Card,"- Reward Points on Purchases
- Discounts on Dining",999,3.7,21,INR 4 Lakh+ p.a,"50,000 - 3,00,000"
Bank of Baroda Platinum,Premium Credit Card,"- Airport Lounge Access
- Travel Insurance",2500,2.9,25,INR 6 Lakh+ p.a,"1,00,000 - 8,00,000"
Federal Bank Classic,Standard Credit Card,"- Earn Reward Points on Every Spend
- Fuel Surcharge Waiver",999,3.5,21,INR 3 Lakh+ p.a,"50,000 - 2,50,000"
Federal Bank Premium,Premium Credit Card,"- Exclusive Lifestyle Benefits
- Airport Lounge Access",3500,2.8,25,INR 7 Lakh+ p.a,"1,00,000 - 8,00,000"
Citibank PremierMiles,Travel Credit Card,"- Air Miles Accumulation
- Travel Benefits",2500,3.0,25,INR 5 Lakh+ p.a,"2,00,000 - 10,00,000"
Citibank Rewards,Standard Credit Card,"- Rewards Points on Every Purchase
- Shopping Discounts",999,3.4,21,INR 3 Lakh+ p.a,"50,000 - 3,00,000"
Union Bank of India,Standard Credit Card,"- Cashback on Purchases
- Reward Points",999,3.5,21,INR 4 Lakh+ p.a,"50,000 - 2,50,000"
Union Bank of India Premium,Premium Credit Card,"- Exclusive Travel Benefits
- Luxury Lounge Access",3500,3.0,25,INR 6 Lakh+ p.a,"1,00,000 - 8,00,000"
Punjab National Bank,Standard Credit Card,"- Reward Points
- Discounts on Shopping",999,3.6,21,INR 4 Lakh+ p.a,"50,000 - 2,00,000"
Punjab National Bank Premium,Premium Credit Card,"- Lifestyle Benefits
- Airport Lounge Access",3500,3.1,30,INR 7 Lakh+ p.a,"1,00,000 - 10,00,000"
South Indian Bank,Standard Credit Card,"- Reward Points
- Discounts on Dining",999,3.3,21,INR 4 Lakh+ p.a,"50,000 - 2,50,000"
South Indian Bank Platinum,Premium Credit Card,"- Complimentary Lounge Access
- Shopping Benefits",2500,3.0,25,INR 6 Lakh+ p.a,"1,00,000 - 8,00,000"
