Card Name,Card Type,Benefits,Annual Fee (INR),Interest Rate (%),Eligibility Criteria,Credit Limit (INR)
Credit Card,"- Worldwide Acceptance
- Purchase Protection",999,3.5,Age: 21-60, Income: INR 3 Lakh+ p.a,"50,000 - 3,00,000"
Premium Credit Card,"- Luxury Concierge
- Airport Lounge Access
- Travel Benefits",2500,3.0,Age: 25-65, Income: INR 5 Lakh+ p.a,"1,00,000 - 10,00,000"
Credit Card,"- Cashback on purchases
- Travel Insurance
- Reward Points",1200,2.5,Age: 21-60, Income: INR 4 Lakh+ p.a,"1,00,000 - 5,00,000"
Premium Credit Card,"- Access to Luxury Hotels
- Exclusive Golf Access
- Premium Concierge Service",5000,2.0,Age: 30-70, Income: INR 10 Lakh+ p.a,"2,00,000 - 25,00,000"
Business Credit Card,"- Cash Flow Management
- Business Expense Tracking
- Discounts on Business Purchases",3500,2.8,Age: 30-65, Business Income: INR 8 Lakh+ p.a,"1,00,000 - 20,00,000"
Credit Card,"- Airport Lounge Access
- Discounts on Shopping
- Purchase Protection",1800,2.9,Age: 23-60, Income: INR 4 Lakh+ p.a,"75,000 - 5,00,000"
